Clean_SKU,Clean_productName,Clean_Category,Clean_SubCategory,_Clean_Price,Clean_Cost
SKU-EL-01,Noise-Cancelling Headphones Pro,Electronics,Audio, $149.99 , $62.00 
SKU-EL-02,True Wireless Earbuds Gen 2,Electronics,Audio, $79.99 , $31.50 
SKU-EL-03,65W GaN Fast Charger,Electronics,Accessories, $34.99 , $11.20 
SKU-EL-04,Smart RGB Desk Light Strip,Electronics,Smart Home, $29.99 , $9.80 
SKU-EL-05,Portable Bluetooth Speaker Max,Electronics,Audio, $99.99 , $42.00 
SKU-EL-06,Ultra-Slim Mechanical Keyboard,Electronics,Peripherals, $119.50 , $52.00 
SKU-EL-07,Ergonomic Vertical Wireless Mouse,Electronics,Peripherals, $49.99 , $18.50 
SKU-HO-01,Ergonomic Task Office Chair,Home & Office,Furniture, $229.00 , $110.00 
SKU-HO-02,Solid Walnut Dual Monitor Riser,Home & Office,Desk Setup, $64.50 , $22.00 
SKU-HO-03,Anti-Fatigue Standing Mat,Home & Office,Desk Setup, $49.99 , $16.50 
SKU-HO-04,ScreenBar Monitor Eye-Care Lamp,Home & Office,Lighting, $89.00 , $34.00 
SKU-HO-05,Cable Management Under-Desk Tray,Home & Office,Desk Setup, $29.50 , $8.50 
SKU-LF-01,Insulated Stainless Tumbler 1L,Lifestyle,Hydration, $32.00 , $9.50 
SKU-LF-02,Waterproof Commuter Backpack 24L,Lifestyle,Bags, $89.99 , $36.00 
SKU-LF-03,Tech Accessory Cord Organizer,Lifestyle,Travel, $24.50 , $7.20 
SKU-LF-04,Ultrasonic Ceramic Diffuser,Lifestyle,Wellness, $44.99 , $14.50 
SKU-AP-01,Dry-Fit Athletic Performance Tee,Fitness & Apparel,Activewear, $28.00 , $8.00 
SKU-AP-02,Flex-Stretch Training Shorts,Fitness & Apparel,Activewear, $38.00 , $11.50 
SKU-AP-03,Natural Cork High-Grip Yoga Mat,Fitness & Apparel,Equipment, $45.00 , $15.00 
SKU-AP-04,Adjustable Speed Jump Rope,Fitness & Apparel,Equipment, $19.99 , $5.50 
